{"marketmean":0.7768895670000409,"marketmedian":0.7806479981558727,"marketweighted":0.7617198412795562,"marketweightedprem":0.8926249969690055}